{"cameraMode":{"drawMode":0,"name":"Shaded","section":"Shading Mode"},"sceneLighting":false,"audioPlay":false,"sceneViewState":{"showFog":true,"showMaterialUpdate":false,"showSkybox":false,"showFlares":true,"showImageEffects":true,"showParticleSystems":true},"in2DMode":false,"pivot":{"x":-14.791604995727539,"y":7.343097686767578,"z":-2.782139539718628},"rotation":{"x":-0.027394309639930726,"y":-0.27528485655784609,"z":-0.007847948931157589,"w":0.9609500765800476},"size":5.652550220489502,"orthographic":false}